Feature,Importance
age_cont,0.39015212428162227
year,0.15635926406412884
income,0.13196408002052568
education,0.1202500796266318
bmi,0.11315623932289269
female,0.08811821268419859
