Subgroup,n,OR,CI_L,CI_U,p
Sex: Male,924332,0.6481721071448739,0.638590624392605,0.6578973514999997,0.0
Sex: Female,999121,0.6224921251743712,0.6056813793132669,0.6397694549293491,1.9435683581592453e-252
Age: 18-24,99491,0.8683050096176433,0.8321643139459813,0.9060152869953967,7.502854648373539e-11
Age: 25-34,206943,0.7936407921225387,0.7713144242647163,0.8166134161452163,9.417005808344391e-57
Age: 35-44,254275,0.693667510775807,0.6761098714780491,0.7116810977097623,4.6343840987385845e-172
Age: 45-54,299181,0.5463477205674399,0.5338112493918348,0.5591786087485235,0.0
Age: 55-64,392865,0.5277609225213563,0.5170870103926757,0.5386551697152019,0.0
Age: 65+,670698,0.5220594186180572,0.5125503524611152,0.5317449012748471,0.0
